<?xml version="1.0" encoding="UTF-8" ?>
<configuration scan="true" scanPeriod="10000">

    <appender name="SANDBOX-FILE-APPENDER" class="ch.qos.logback.core.rolling.RollingFileAppender">
        <file>E:\ucarinc_workspace\self\demo_exercise2\share-tech\sandbox-stable-bin/sandbox/logs/sandbox.log</file>
        <rollingPolicy class="ch.qos.logback.core.rolling.TimeBasedRollingPolicy">
            <FileNamePattern>E:\ucarinc_workspace\self\demo_exercise2\share-tech\sandbox-stable-bin/sandbox/logs/sandbox.log.%d{yyyy-MM-dd}</FileNamePattern>
            <MaxHistory>30</MaxHistory>
        </rollingPolicy>
        <encoder>
            <pattern>%d{yyyy-MM-dd HH:mm:ss} %SANDBOX_NAMESPACE %-5level %msg%n</pattern>
            <charset>UTF-8</charset>
        </encoder>
    </appender>

    <root level="info">
        <appender-ref ref="SANDBOX-FILE-APPENDER"/>
    </root>

</configuration>